Symbol,Series,Date,Prev Close,Open Price,High Price,Low Price,Last Price,Close Price,Average Price,Total Traded Quantity,Turnover,No. of Trades,Deliverable Qty,% Dly Qt to Traded Qty
HDFCBANK,EQ,15-May-17,1551.65,1550,1557.2,1542.25,1553,1553.4,1550.73,701195,1087367600,15104,309282,44.11
HDFCBANK,IL,15-May-17,1567,1583,1583,1583,-,1583,1583,342000,541386000,6,342000,100
HDFCBANK,EQ,16-May-17,1553.4,1555,1562,1548.25,1561.85,1559.65,1555.11,897594,1395856787,21073,347734,38.74
HDFCBANK,EQ,17-May-17,1559.65,1558.8,1565.4,1551.5,1557.5,1557.15,1557.51,868118,1352102517,32732,367931,42.38
HDFCBANK,IL,17-May-17,1583,1600,1600,1600,-,1600,1600,50000,80000000,1,50000,100
HDFCBANK,EQ,18-May-17,1557.15,1549,1561.5,1548.1,1557.5,1557.1,1556.99,776820,1209499656,13648,518101,66.7
HDFCBANK,IL,18-May-17,1600,1596,1597.5,1596,-,1597,1596.99,680000,1085951250,15,680000,100
HDFCBANK,EQ,19-May-17,1557.1,1559.5,1569.9,1545.25,1568.05,1561.25,1556.93,713534,1110925609,18458,296680,41.58
HDFCBANK,IL,19-May-17,1597,1580,1580,1580,-,1580,1580,865000,1366700000,18,865000,100
HDFCBANK,EQ,22-May-17,1561.25,1565.1,1580,1563.1,1579,1576,1572.46,715013,1124331912,24974,413491,57.83
HDFCBANK,EQ,23-May-17,1576,1580,1583.55,1565,1569,1569.1,1575.09,770043,1212889748,17873,489628,63.58
HDFCBANK,IL,23-May-17,1580,1590.25,1590.25,1585,-,1585,1585,300000,475500210,28,173000,57.67
HDFCBANK,EQ,24-May-17,1569.1,1569.05,1575.45,1562,1567,1566.75,1566.76,866847,1358143700,34901,615909,71.05
HDFCBANK,EQ,25-May-17,1566.75,1567.1,1629.4,1567.1,1613.25,1617.15,1605.26,5022701,8062757340,60075,3585041,71.38
HDFCBANK,IL,25-May-17,1585,1570,1570,1570,-,1570,1570,48,75360,1,48,100
HDFCBANK,EQ,26-May-17,1617.15,1606.65,1632,1601.1,1623,1626,1617.56,1360789,2201159155,31085,754482,55.44
HDFCBANK,IL,26-May-17,1570,1628.05,1628.05,1628.05,-,1628.05,1628.05,250000,407012500,10,250000,100
HDFCBANK,EQ,29-May-17,1626,1619.8,1648,1617.65,1626.65,1631.9,1634.94,1479085,2418209871,48257,924191,62.48
HDFCBANK,IL,29-May-17,1628.05,1646,1646,1646,-,1646,1646,451322,742876012,18,451322,100
HDFCBANK,EQ,30-May-17,1631.9,1630,1633.5,1616.15,1631.4,1629.05,1622.75,1108546,1798890005,26377,592343,53.43
HDFCBANK,EQ,31-May-17,1629.05,1625,1643,1623.15,1640,1636.2,1631.48,1329728,2169429927,18717,926698,69.69
HDFCBANK,EQ,01-Jun-17,1636.2,1639,1639.85,1620.55,1627,1628.6,1630.91,839885,1369779680,21114,481729,57.36
HDFCBANK,IL,01-Jun-17,1646,1645.25,1645.25,1645.25,-,1645.25,1645.25,16000,26324000,1,16000,100
HDFCBANK,EQ,02-Jun-17,1628.6,1634,1646.1,1626.2,1631.85,1634.25,1636.04,803386,1314369623,17867,390838,48.65
HDFCBANK,IL,02-Jun-17,1645.25,1642.1,1645,1642.05,-,1642.05,1642.66,126000,206975250,8,57500,45.63
HDFCBANK,EQ,05-Jun-17,1634.25,1633.7,1638.95,1625,1638.5,1635.55,1633.27,724975,1184083533,14700,327218,45.14
HDFCBANK,IL,05-Jun-17,1642.05,1642,1658,1642,-,1658,1651.43,169666,280191572,4,100000,58.94
HDFCBANK,EQ,06-Jun-17,1635.55,1635,1643.8,1630,1639,1638.95,1638.5,1250658,2049200642,14396,921531,73.68
HDFCBANK,EQ,07-Jun-17,1638.95,1640.4,1644.9,1630.35,1641.3,1640.8,1638.26,638569,1046138987,28344,447948,70.15
HDFCBANK,EQ,08-Jun-17,1640.8,1643.9,1659.4,1641.65,1643.6,1644.75,1648.3,1062192,1750808058,25728,582580,54.85
HDFCBANK,EQ,09-Jun-17,1644.75,1640.1,1670,1640.1,1669.9,1666.8,1660.39,1326318,2202209562,41645,878389,66.23
HDFCBANK,EQ,12-Jun-17,1666.8,1664,1676,1660,1666,1668.75,1666.54,992853,1654628890,40006,658975,66.37
HDFCBANK,IL,12-Jun-17,1658,1665,1665,1665,-,1665,1665,99481,165635865,2,99481,100
HDFCBANK,EQ,13-Jun-17,1668.75,1661.75,1691.9,1661,1674,1676.7,1680.14,1262905,2121860290,37080,831771,65.86
HDFCBANK,EQ,14-Jun-17,1676.7,1675,1679.95,1667,1672.85,1671.2,1672.03,964590,1612824041,27840,714323,74.05
HDFCBANK,EQ,15-Jun-17,1671.2,1668,1675.6,1653.6,1665,1664.35,1662.08,881673,1465414452,17284,530656,60.19
HDFCBANK,IL,15-Jun-17,1665,1671.25,1671.25,1665,-,1670,1669.94,1170300,1954329690,42,1170300,100
HDFCBANK,EQ,16-Jun-17,1664.35,1665,1674.7,1658.1,1667,1669.25,1665.86,938776,1563872405,18765,583858,62.19
HDFCBANK,IL,16-Jun-17,1670,1664.95,1665.9,1664.95,-,1665.9,1665.14,600,999086.9,35,600,100
HDFCBANK,EQ,19-Jun-17,1669.25,1671,1696,1668.4,1690.7,1692.9,1683.38,956383,1609958238,26370,581131,60.76
HDFCBANK,EQ,20-Jun-17,1692.9,1690,1694,1679.85,1681.55,1686.55,1686.31,915066,1543084686,22817,675274,73.8
HDFCBANK,IL,20-Jun-17,1665.9,1689,1707.35,1689,-,1707.35,1699.76,398626,677569314,9,338626,84.95
HDFCBANK,EQ,21-Jun-17,1686.55,1682.6,1701.25,1679.6,1696.9,1698.7,1692.56,852733,1443298487,13383,435777,51.1
HDFCBANK,IL,21-Jun-17,1707.35,1701,1710.1,1701,-,1705.5,1704.66,575000,980181225,16,540000,93.91
HDFCBANK,EQ,22-Jun-17,1698.7,1694.95,1716,1691.2,1699,1698,1705.36,1668865,2846016910,47395,870934,52.19
HDFCBANK,IL,22-Jun-17,1705.5,1710,1710,1710,-,1710,1710,380000,649800000,8,380000,100
HDFCBANK,EQ,23-Jun-17,1698,1702,1702.75,1675.2,1681.1,1678.65,1684.39,1304367,2197062164,40032,835308,64.04
HDFCBANK,IL,23-Jun-17,1710,1698.5,1698.5,1692,-,1692,1696.92,301000,510772000,8,301000,100
HDFCBANK,EQ,27-Jun-17,1678.65,1689,1695,1656.25,1667.55,1667.65,1673.41,1500108,2510290433,41978,966813,64.45
HDFCBANK,IL,27-Jun-17,1692,1687,1705,1687,-,1695,1695.7,4645234,7876911145,152,4645234,100
HDFCBANK,EQ,28-Jun-17,1667.65,1665,1675,1657.8,1666.5,1666.45,1666.08,1112259,1853114830,33276,759351,68.27
HDFCBANK,IL,28-Jun-17,1695,1670,1670,1670,-,1670,1670,43000,71810000,1,43000,100
HDFCBANK,EQ,29-Jun-17,1666.45,1667,1681.9,1651.1,1655,1663.05,1666.21,2296927,3827159037,41505,1515335,65.97
HDFCBANK,EQ,30-Jun-17,1663.05,1653.8,1660,1643,1654.85,1652.05,1654.33,1082608,1790989876,20154,686217,63.39
HDFCBANK,EQ,03-Jul-17,1652.05,1652.6,1667.5,1647.25,1660,1658.6,1658.07,876083,1452603242,29692,555332,63.39
HDFCBANK,EQ,04-Jul-17,1658.6,1660.25,1666.7,1652,1653,1653.35,1656.45,941520,1559578817,29651,629966,66.91
HDFCBANK,EQ,05-Jul-17,1653.35,1653.1,1659.5,1645,1647.15,1648.75,1651.02,1003550,1656877513,33969,745305,74.27
HDFCBANK,IL,05-Jul-17,1670,1653.35,1653.35,1653.35,-,1653.35,1653.35,36705,60686211.75,1,36705,100
HDFCBANK,EQ,06-Jul-17,1648.75,1652.55,1663,1651.35,1658.95,1658.15,1658.74,1142919,1895807618,36276,826102,72.28
HDFCBANK,EQ,07-Jul-17,1658.15,1660.85,1669.6,1658,1665,1667.2,1663.38,1379349,2294376291,34523,989181,71.71
HDFCBANK,EQ,10-Jul-17,1667.2,1670.7,1748,1661.05,1674,1676.35,1674.39,334769,560535368.7,6377,189620,56.64
HDFCBANK,EQ,11-Jul-17,1676.35,1677.55,1690.8,1667.1,1676.15,1680.4,1681.6,1102570,1854082215,46609,683669,62.01
HDFCBANK,IL,11-Jul-17,1653.35,1700,1732,1700,-,1726.25,1725.18,1409409,2431490800,81,1409409,100
HDFCBANK,EQ,12-Jul-17,1680.4,1680,1685,1658.55,1680.55,1681.25,1675.45,1434723,2403800090,39173,807682,56.3
HDFCBANK,IL,12-Jul-17,1726.25,1705,1705,1700,-,1700,1700.21,208956,355269980,15,208956,100
HDFCBANK,EQ,13-Jul-17,1681.25,1688,1693.3,1679.65,1681.05,1683.55,1687.47,1120251,1890389586,38013,794284,70.9
HDFCBANK,IL,13-Jul-17,1700,1721,1721,1711,-,1711,1719.08,885000,1521385000,30,235000,26.55
HDFCBANK,EQ,14-Jul-17,1683.55,1683.9,1686.05,1672,1682,1679.95,1677.65,610813,1024730172,19545,245408,40.18
HDFCBANK,IL,14-Jul-17,1711,1711,1715,1711,-,1712.5,1712.9,252790,433002875,28,0,0
HDFCBANK,EQ,17-Jul-17,1679.95,1682.55,1687.65,1677,1685,1682.35,1681.96,599835,1008899560,15125,382911,63.84
HDFCBANK,EQ,18-Jul-17,1682.35,1679.7,1687.85,1677.35,1685,1683.55,1683.26,580547,977209674.7,20192,275144,47.39
HDFCBANK,EQ,19-Jul-17,1683.55,1685,1696.2,1681.85,1691.4,1692.3,1691.79,996811,1686392426,23454,496495,49.81
HDFCBANK,EQ,20-Jul-17,1692.3,1693.9,1715,1688.15,1712,1710.9,1701.51,924619,1573246423,29260,475755,51.45
HDFCBANK,EQ,21-Jul-17,1710.9,1714.1,1715.25,1700,1703.25,1703.05,1708.42,968377,1654392958,21353,438841,45.32
HDFCBANK,IL,21-Jul-17,1712.5,1751,1751,1743.5,-,1743.5,1751,118728,207892713,4,118728,100
HDFCBANK,EQ,24-Jul-17,1703.05,1710,1740,1695,1736.2,1735.1,1722.12,4919544,8472024384,120635,1776089,36.1
HDFCBANK,IL,24-Jul-17,1743.5,1755,1755,1755,-,1755,1755,125000,219375000,13,125000,100
HDFCBANK,EQ,25-Jul-17,1735.1,1759,1759,1733.05,1735.85,1739.65,1746.35,2790117,4872510633,58567,1401306,50.22
HDFCBANK,IL,25-Jul-17,1755,1791.5,1791.5,1791.5,-,1791.5,1791.5,21816,39083364,4,21816,100
HDFCBANK,EQ,26-Jul-17,1739.65,1742,1755,1732.5,1751.25,1747.55,1743.52,973836,1697904582,30206,460853,47.32
HDFCBANK,IL,26-Jul-17,1791.5,1740,1750,1740,-,1750,1745,2,3490,2,2,100
HDFCBANK,EQ,27-Jul-17,1747.55,1756,1798.8,1751.55,1785.1,1789.65,1783.31,4490428,8007829722,53641,2776563,61.83
HDFCBANK,IL,27-Jul-17,1750,1810,1820,1810,-,1820,1815.67,252000,457550000,6,222000,88.1
HDFCBANK,EQ,28-Jul-17,1789.65,1772,1786.5,1761.1,1774.4,1778.5,1773.42,2313849,4103424872,75518,1381677,59.71
HDFCBANK,IL,28-Jul-17,1820,1825,1825,1825,-,1825,1825,1,1825,1,1,100
HDFCBANK,EQ,31-Jul-17,1778.5,1777.55,1791,1766.55,1782,1784.4,1778.4,1842285,3276319757,29449,1101211,59.77
HDFCBANK,EQ,01-Aug-17,1784.4,1781.85,1809.15,1772.2,1806,1797.2,1787.29,2129215,3805526020,39634,1331147,62.52
HDFCBANK,EQ,02-Aug-17,1797.2,1807,1807,1782.05,1789.4,1791.65,1793.32,1849479,3316710578,28704,1073262,58.03
HDFCBANK,IL,02-Aug-17,1825,1825,1825,1821,-,1821,1822.32,135903,247659363,6,135000,99.34
HDFCBANK,EQ,03-Aug-17,1791.65,1788,1792,1774.4,1777,1779.95,1784.16,1064196,1898691929,40189,532455,50.03
HDFCBANK,EQ,04-Aug-17,1779.95,1777,1796.75,1766.15,1788,1790.25,1783.23,886267,1580414901,27909,492301,55.55
HDFCBANK,IL,04-Aug-17,1821,1810,1810,1810,-,1810,1810,130757,236670170,4,130757,100
HDFCBANK,EQ,07-Aug-17,1790.25,1786,1796.45,1785,1788.95,1788.55,1788.9,479665,858070796.5,23375,258332,53.86
HDFCBANK,EQ,08-Aug-17,1788.55,1792.1,1797.25,1766.1,1776.2,1777.9,1777.66,1008843,1793381528,22100,480607,47.64
HDFCBANK,IL,08-Aug-17,1810,1810,1810,1810,-,1810,1810,148090,268042900,4,148090,100
HDFCBANK,EQ,09-Aug-17,1777.9,1771,1777.05,1758.35,1764.85,1764.45,1765.73,817514,1443509254,28969,367123,44.91
HDFCBANK,EQ,10-Aug-17,1764.45,1760,1766,1752.85,1759.9,1760.45,1759.88,1947111,3426688671,25032,824172,42.33
HDFCBANK,EQ,11-Aug-17,1760.45,1745,1758,1731.15,1751.55,1749.05,1745.33,1589959,2775004879,44760,933883,58.74
HDFCBANK,IL,11-Aug-17,1810,1766.5,1766.5,1760,-,1760,1763.36,114000,201023500,5,114000,100
HDFCBANK,EQ,14-Aug-17,1749.05,1753,1774.95,1748,1756,1757.2,1763.29,894271,1576861460,29948,381974,42.71
HDFCBANK,EQ,16-Aug-17,1757.2,1762.35,1789.8,1748.55,1780,1781.25,1771.34,1106708,1960350804,33007,548143,49.53
HDFCBANK,EQ,17-Aug-17,1781.25,1776.25,1780.95,1753.75,1768,1765.4,1770.23,1363717,2414091935,28952,430581,31.57
HDFCBANK,EQ,18-Aug-17,1765.4,1760,1761,1743,1754.25,1752.15,1750.79,926866,1622750045,32410,591150,63.78
HDFCBANK,EQ,21-Aug-17,1752.15,1754,1759,1738.2,1742.15,1743.2,1747.56,1002431,1751811096,29000,652267,65.07
HDFCBANK,EQ,22-Aug-17,1743.2,1751.3,1754,1736.8,1748.55,1747,1744.99,1652389,2883401580,61483,1038533,62.85
HDFCBANK,EQ,23-Aug-17,1747,1750,1777.95,1750,1769.1,1772.45,1767.91,840131,1485274496,28305,449582,53.51
HDFCBANK,IL,23-Aug-17,1760,1775,1781,1775,-,1781,1776.74,458879,815309721,22,408963,89.12
HDFCBANK,EQ,24-Aug-17,1772.45,1774.9,1774.95,1759.15,1767.5,1762.5,1764.17,1969569,3474659289,29178,584539,29.68
HDFCBANK,EQ,28-Aug-17,1762.5,1762.4,1771.15,1758.35,1759.75,1762.25,1764.02,376946,664940795.8,18676,164586,43.66
HDFCBANK,EQ,29-Aug-17,1762.25,1759,1759,1738,1748.95,1746.15,1744.1,1229649,2144630136,25477,657465,53.47
HDFCBANK,EQ,30-Aug-17,1746.15,1751.95,1770,1750.05,1769.65,1768.55,1763.86,673580,1188103642,18278,340011,50.48
HDFCBANK,EQ,31-Aug-17,1768.55,1772,1779.85,1756.4,1769,1776.45,1772.21,1825859,3235800483,36463,844787,46.27
HDFCBANK,IL,31-Aug-17,1781,1780,1780,1780,-,1780,1780,189780,337808400,6,189780,100
HDFCBANK,EQ,01-Sep-17,1776.45,1781,1781.45,1761.1,1765,1767.6,1771.67,573793,1016570200,19096,240856,41.98
HDFCBANK,IL,01-Sep-17,1780,1779,1780,1778,-,1778,1779,90000,160110000,5,65000,72.22
HDFCBANK,EQ,04-Sep-17,1767.6,1765,1765,1746.1,1750,1750.9,1752.37,910631,1595764536,31359,527482,57.92
HDFCBANK,IL,04-Sep-17,1778,1770,1770,1770,-,1770,1770,10164,17990280,3,0,0
HDFCBANK,EQ,05-Sep-17,1750.9,1757,1764.9,1751,1755,1755.35,1757.77,920609,1618215151,24788,439271,47.72
HDFCBANK,EQ,06-Sep-17,1755.35,1743.75,1762.8,1738,1761.55,1759.9,1753.59,1437908,2521503245,24340,869626,60.48
HDFCBANK,EQ,07-Sep-17,1759.9,1760.1,1776.75,1760.1,1765.25,1766.55,1766.63,1736605,3067935846,27641,605806,34.88
HDFCBANK,EQ,08-Sep-17,1766.55,1773.4,1790,1771,1785,1787.65,1781.89,2077916,3702622521,33955,1234323,59.4
HDFCBANK,IL,08-Sep-17,1770,1780,1790,1780,-,1790,1781.42,326202,581101580,14,325697,99.85
HDFCBANK,EQ,11-Sep-17,1787.65,1793,1829,1790.2,1822,1823.35,1816.72,2869419,5212939745,88980,1733975,60.43
HDFCBANK,IL,11-Sep-17,1790,1815,1815,1815,-,1815,1815,500000,907500000,10,500000,100
HDFCBANK,EQ,12-Sep-17,1823.35,1827.7,1839.9,1818.3,1837.1,1835.2,1833.12,1671920,3064825860,67989,919925,55.02
HDFCBANK,EQ,13-Sep-17,1835.2,1835,1849,1824,1843.25,1841.85,1841.58,1248844,2299847292,30091,657075,52.61
HDFCBANK,IL,13-Sep-17,1815,1840,1840,1840,-,1840,1840,50000,92000000,2,50000,100
HDFCBANK,EQ,14-Sep-17,1841.85,1840.15,1852.5,1831.5,1840,1839.4,1839.93,2038504,3750701011,29517,557209,27.33
HDFCBANK,EQ,15-Sep-17,1839.4,1836,1851.8,1833.45,1850,1848.95,1845.98,941833,1738607041,24200,487645,51.78
HDFCBANK,EQ,18-Sep-17,1848.95,1853.55,1864.45,1852.5,1860,1860.45,1861.58,1021232,1901109128,29374,754277,73.86
HDFCBANK,EQ,19-Sep-17,1860.45,1864.9,1868,1847.55,1847.55,1849.7,1858.58,1060367,1970780896,23565,684467,64.55
HDFCBANK,IL,19-Sep-17,1840,1870,1870,1870,-,1870,1870,72000,134640000,6,72000,100
HDFCBANK,EQ,20-Sep-17,1849.7,1848,1861.45,1845.25,1850,1848.85,1850.15,861532,1593967559,26905,579361,67.25
HDFCBANK,IL,20-Sep-17,1870,1860.5,1860.5,1850,-,1850,1852.44,87900,162829450,12,87900,100
HDFCBANK,EQ,21-Sep-17,1848.85,1848,1848.5,1830.7,1843,1839.1,1839.29,1928124,3546374079,50920,1006098,52.18
HDFCBANK,IL,21-Sep-17,1850,1845,1845,1836.95,-,1836.95,1840.54,162000,298167750,5,112000,69.14
HDFCBANK,EQ,22-Sep-17,1839.1,1834.8,1838.95,1820,1823,1824.1,1826.77,2060881,3764746964,52897,1491250,72.36
HDFCBANK,IL,22-Sep-17,1836.95,1831,1831,1831,-,1831,1831,18807,34435617,1,18807,100
HDFCBANK,EQ,25-Sep-17,1824.1,1822.45,1822.45,1792.6,1798.8,1799.75,1802.36,2537307,4573149062,86102,1735249,68.39
HDFCBANK,IL,25-Sep-17,1831,1810.25,1812.5,1797.5,-,1799,1802.09,415949,749577700,88,415949,100
HDFCBANK,EQ,26-Sep-17,1799.75,1789.05,1796.6,1785,1791,1792.3,1790.07,2859683,5119024677,69670,2089818,73.08
HDFCBANK,EQ,27-Sep-17,1792.3,1796,1805.6,1770,1780.55,1776.5,1779.35,1834305,3263870334,50529,1187303,64.73
HDFCBANK,IL,27-Sep-17,1799,1780,1780,1780,-,1780,1780,250000,445000000,5,250000,100
HDFCBANK,EQ,28-Sep-17,1776.5,1774,1799,1763.3,1795,1795.3,1789.02,6911616,12365024439,97472,3794792,54.9
HDFCBANK,IL,28-Sep-17,1780,1780,1780,1780,-,1780,1780,200000,356000000,4,200000,100
HDFCBANK,EQ,29-Sep-17,1795.3,1800.1,1822,1796.25,1800.05,1805.7,1812.45,1553408,2815470650,58153,1016550,65.44
HDFCBANK,IL,29-Sep-17,1780,1840,1840,1815,-,1816.4,1820.5,1000,1820500,4,1000,100
HDFCBANK,EQ,03-Oct-17,1805.7,1808,1821,1797.1,1810.2,1808.85,1811.27,1098606,1989876646,34504,589947,53.7
HDFCBANK,EQ,04-Oct-17,1808.85,1807.9,1811.9,1793.35,1794,1797,1804.18,1656276,2988217758,25580,1215255,73.37
HDFCBANK,EQ,05-Oct-17,1797,1795,1805,1793.1,1798.8,1798.6,1800.4,834049,1501622832,38155,427038,51.2
HDFCBANK,IL,05-Oct-17,1816.4,1806,1807,1802,-,1802,1805.18,192191,346939137,6,192191,100
HDFCBANK,EQ,06-Oct-17,1798.6,1798,1804.45,1794,1799.95,1800.1,1799.53,757665,1363439873,24959,376128,49.64
HDFCBANK,IL,06-Oct-17,1802,1809,1809,1807,-,1807,1807.75,32000,57848000,2,32000,100
HDFCBANK,EQ,09-Oct-17,1800.1,1798.8,1803,1790.5,1795.15,1795.5,1797.35,765623,1376094775,27930,520471,67.98
HDFCBANK,EQ,10-Oct-17,1795.5,1799,1814.95,1792.65,1800,1802.7,1806.18,949545,1715046387,30047,516925,54.44
HDFCBANK,IL,10-Oct-17,1807,1800,1810,1800,-,1810,1805.29,63761,115107410,5,63761,100
HDFCBANK,EQ,11-Oct-17,1802.7,1803.25,1815.25,1787.6,1789,1790.15,1802.03,1316860,2373017279,36368,902433,68.53
HDFCBANK,EQ,12-Oct-17,1790.15,1795.1,1821.45,1788,1820,1818.8,1805.42,1345390,2428990123,20722,650121,48.32
HDFCBANK,EQ,13-Oct-17,1818.8,1826.7,1856.55,1822,1848.9,1850.8,1845.91,1608366,2968902053,38331,921394,57.29
HDFCBANK,EQ,16-Oct-17,1850.8,1860,1873.25,1842,1854.15,1857.15,1857.21,818636,1520380115,17387,282082,34.46
HDFCBANK,EQ,17-Oct-17,1857.15,1850,1853.7,1839.1,1848.95,1851.25,1848.53,653322,1207682521,21579,286796,43.9
HDFCBANK,IL,17-Oct-17,1810,1855,1858.5,1855,-,1858.5,1857.53,103576,192395980,12,103576,100
HDFCBANK,EQ,18-Oct-17,1851.25,1841,1875,1839,1866.25,1868.5,1864.24,981680,1830089741,21247,454935,46.34
HDFCBANK,IL,18-Oct-17,1858.5,1858,1873,1858,-,1873,1867.53,1102364,2058701321,49,1102364,100
HDFCBANK,EQ,19-Oct-17,1868.5,1861.8,1865,1840.65,1845,1848.4,1853.98,142502,264195241.2,5682,69002,48.42
HDFCBANK,EQ,23-Oct-17,1848.4,1859.9,1869.7,1836.05,1865.85,1863.3,1850.99,1040723,1926372969,30073,581885,55.91
HDFCBANK,IL,23-Oct-17,1873,1866.25,1866.25,1866.25,-,1866.25,1866.25,115746,216010972.5,4,115746,100
HDFCBANK,EQ,24-Oct-17,1863.3,1863,1879.6,1853,1866.55,1867.1,1866.12,2832218,5285245264,66436,848580,29.96
HDFCBANK,IL,24-Oct-17,1866.25,1870,1873,1867,-,1867,1870.16,123000,230030000,11,58000,47.15
HDFCBANK,EQ,25-Oct-17,1867.1,1860,1863,1785,1795.15,1795.1,1800.74,5341802,9619220470,173315,3343490,62.59
HDFCBANK,EQ,26-Oct-17,1795.1,1768,1810,1757.85,1791.7,1795.35,1789.19,7142866,12779964396,184420,4974132,69.64
HDFCBANK,IL,26-Oct-17,1867,1766,1779,1766,-,1779,1774.48,115000,204065000,4,115000,100
HDFCBANK,EQ,27-Oct-17,1795.35,1804.4,1807.5,1779,1787.9,1791.05,1792.86,1868022,3349109114,49615,1118984,59.9
HDFCBANK,IL,27-Oct-17,1779,1797,1797,1797,-,1797,1797,150000,269550000,4,150000,100
HDFCBANK,EQ,30-Oct-17,1791.05,1798.25,1816,1792.4,1815.75,1815,1805.49,1355588,2447503452,27755,880144,64.93
HDFCBANK,EQ,31-Oct-17,1815,1811.5,1811.5,1799.25,1809.45,1808.5,1805.2,1170615,2113192780,55768,722914,61.76
HDFCBANK,EQ,01-Nov-17,1808.5,1815.1,1825,1812,1822.5,1821.2,1819.3,1047653,1905990950,26503,573002,54.69
HDFCBANK,EQ,02-Nov-17,1821.2,1823,1829.8,1816.95,1820,1822.1,1822.05,1184486,2158197543,30785,739301,62.42
HDFCBANK,EQ,03-Nov-17,1822.1,1825.7,1840,1821.6,1830,1830.7,1829.95,952622,1743253303,50442,561501,58.94
HDFCBANK,EQ,06-Nov-17,1830.7,1825,1840,1822.6,1828,1828.6,1833.27,1537061,2817847903,51333,821944,53.48
HDFCBANK,IL,06-Nov-17,1797,1857,1860,1852.6,-,1860,1857.59,1206,2240256.6,27,1206,100
HDFCBANK,EQ,07-Nov-17,1828.6,1838,1844.95,1820.75,1825,1823.7,1828.67,1861594,3404233842,41972,1396048,74.99
HDFCBANK,EQ,08-Nov-17,1823.7,1825.2,1833.6,1819,1822.6,1825.95,1826.22,820786,1498935108,20749,498960,60.79
HDFCBANK,EQ,09-Nov-17,1825.95,1827,1835,1821.1,1834,1827.85,1826.26,778327,1421424360,12695,381328,48.99
HDFCBANK,IL,09-Nov-17,1860,1840,1840,1840,-,1840,1840,110000,202400000,5,110000,100
HDFCBANK,EQ,10-Nov-17,1827.85,1821.7,1834.8,1812.35,1823.95,1822,1821.63,1936090,3526848074,22186,1525422,78.79
HDFCBANK,EQ,13-Nov-17,1822,1822,1823.15,1795,1814.25,1813.55,1806.89,833968,1506888249,25953,529394,63.48
HDFCBANK,EQ,14-Nov-17,1813.55,1815.9,1819,1800,1801.35,1802.35,1805.86,1178117,2127513693,33880,898608,76.27
HDFCBANK,IL,14-Nov-17,1840,1805,1805,1805,-,1805,1805,36482,65850010,2,36482,100
HDFCBANK,EQ,15-Nov-17,1802.35,1798,1803.65,1788,1799.25,1800.25,1796.37,1537092,2761182589,26862,1177181,76.58
HDFCBANK,EQ,16-Nov-17,1800.25,1804,1816,1795.2,1812.95,1807.7,1807.23,1003243,1813088828,32161,631891,62.98
HDFCBANK,IL,16-Nov-17,1805,1806.4,1810,1806.4,-,1810,1808.2,100000,180820000,8,100000,100
HDFCBANK,EQ,17-Nov-17,1807.7,1828.7,1838.3,1813.15,1822,1825.55,1827.72,1589693,2905508997,44931,797013,50.14
HDFCBANK,EQ,20-Nov-17,1825.55,1829,1839.7,1829,1836.05,1838.15,1836.08,598106,1098170760,30131,336543,56.27
HDFCBANK,EQ,21-Nov-17,1838.15,1837.45,1850,1836.1,1848,1846.25,1845.41,568883,1049822787,17143,349608,61.46
HDFCBANK,IL,21-Nov-17,1810,1854.5,1856.25,1854.3,-,1856,1854.83,334,619513.2,14,334,100
HDFCBANK,EQ,22-Nov-17,1846.25,1849.7,1860,1844.55,1854.6,1855.25,1853.89,1415199,2623628897,31420,944319,66.73
HDFCBANK,EQ,23-Nov-17,1855.25,1859,1860,1838,1840,1842.85,1847.79,808145,1493278728,16903,492990,61
HDFCBANK,EQ,24-Nov-17,1842.85,1843,1857.8,1841,1857.5,1851.4,1848.31,1300921,2404501397,26271,979768,75.31
HDFCBANK,EQ,27-Nov-17,1851.4,1849,1862,1845.6,1860.15,1857.55,1852.09,967618,1792111672,75853,622801,64.36
HDFCBANK,EQ,28-Nov-17,1857.55,1856,1871,1855.85,1867.15,1865.35,1866.29,1272635,2375105183,44306,921267,72.39
HDFCBANK,EQ,29-Nov-17,1865.35,1865,1875.5,1855.8,1873,1873.3,1869.11,818646,1530142584,17331,476557,58.21
HDFCBANK,EQ,30-Nov-17,1873.3,1868.7,1873.95,1840,1852.75,1853.7,1859.89,1449078,2695122047,37220,770804,53.19
HDFCBANK,EQ,01-Dec-17,1853.7,1854.9,1860,1844.1,1850.85,1848.2,1850.81,964537,1785177398,39290,598556,62.06
HDFCBANK,EQ,04-Dec-17,1848.2,1854.9,1854.9,1830.1,1836.3,1834.1,1840.43,910483,1675680713,36729,629502,69.14
HDFCBANK,EQ,05-Dec-17,1834.1,1826,1828.55,1807,1824.9,1820.45,1818.21,973340,1769739388,30980,546351,56.13
HDFCBANK,EQ,06-Dec-17,1820.45,1819.95,1821.35,1799,1799.3,1803.3,1809.42,1598780,2892866502,47014,1164494,72.84
HDFCBANK,EQ,07-Dec-17,1803.3,1806.65,1816.6,1803.1,1810.9,1809.65,1809.12,1057826,1913737163,49113,626080,59.19
HDFCBANK,IL,07-Dec-17,1856,1805,1809.5,1805,-,1809.5,1805.53,340000,613880000,8,340000,100
HDFCBANK,EQ,08-Dec-17,1809.65,1814,1853,1814,1842.25,1840.4,1839.43,2239100,4118673541,38922,1482220,66.2
HDFCBANK,EQ,11-Dec-17,1840.4,1848,1851.75,1840,1846.4,1846.4,1846.99,799558,1476774982,45584,490124,61.3
HDFCBANK,IL,11-Dec-17,1809.5,1843,1843,1843,-,1843,1843,857750,1580833250,219,857750,100
HDFCBANK,EQ,12-Dec-17,1846.4,1849.1,1849.9,1815.95,1818,1819.9,1826.78,602647,1100901257,17546,315406,52.34
HDFCBANK,EQ,13-Dec-17,1819.9,1820.05,1845,1815.1,1821.4,1821.35,1832.2,726865,1331763553,27628,270762,37.25
HDFCBANK,IL,13-Dec-17,1843,1823,1823,1823,-,1823,1823,2732642,4981606366,56,2732642,100
HDFCBANK,EQ,14-Dec-17,1821.35,1824,1840,1812,1837.1,1838.05,1826.18,920773,1681496961,21825,441606,47.96
HDFCBANK,EQ,15-Dec-17,1838.05,1856,1888,1855.5,1871,1873.45,1877.73,3112531,5844489331,68576,1845713,59.3
HDFCBANK,IL,15-Dec-17,1823,1880,1880,1880,-,1880,1880,74902,140815760,2,74902,100
HDFCBANK,EQ,18-Dec-17,1873.45,1855,1899,1809.3,1878.4,1878.95,1876.25,3074497,5768529011,46417,1558319,50.69
HDFCBANK,EQ,19-Dec-17,1878.95,1879.8,1893.65,1876.15,1886.95,1884.5,1884.02,1238028,2332475336,34874,666370,53.83
HDFCBANK,EQ,20-Dec-17,1884.5,1898.9,1903.1,1863.65,1866.35,1868.15,1885.29,2335876,4403801177,83598,1303739,55.81
HDFCBANK,EQ,21-Dec-17,1868.15,1879.9,1885,1865.2,1866.05,1868.3,1871.04,1713636,3206288353,57272,1059344,61.82
HDFCBANK,IL,21-Dec-17,1880,1870,1870,1870,-,1870,1870,25343,47391410,12,343,1.35
HDFCBANK,EQ,22-Dec-17,1868.3,1879,1880,1861.75,1874.65,1876.65,1870.36,1117726,2090553506,46791,609701,54.55
HDFCBANK,EQ,26-Dec-17,1876.65,1881,1882.8,1856.7,1870,1868.35,1867.6,1696424,3168235275,23017,1186061,69.92
HDFCBANK,EQ,27-Dec-17,1868.35,1870.1,1870.3,1851.15,1852.5,1856.75,1863.9,872346,1625967980,21881,569939,65.33
HDFCBANK,EQ,28-Dec-17,1856.75,1858.9,1880.9,1858,1870.05,1878.05,1873.07,2175130,4074175063,42854,1373463,63.14
HDFCBANK,EQ,29-Dec-17,1878.05,1876.8,1879.2,1868.15,1871.4,1872.4,1873.42,1586468,2972120303,29466,1059416,66.78
HDFCBANK,EQ,01-Jan-18,1872.4,1872.7,1880.75,1850.5,1855,1854.5,1862.24,1645129,3063622973,30994,1222191,74.29
HDFCBANK,EQ,02-Jan-18,1854.5,1858.55,1875,1858.55,1869.8,1872.35,1868.27,1194079,2230859133,33877,737318,61.75
HDFCBANK,IL,02-Jan-18,1870,1886.05,1886.05,1886,-,1886,1886.01,280000,528081500,10,280000,100
HDFCBANK,EQ,03-Jan-18,1872.35,1875,1878.25,1851.2,1853.85,1852.65,1859.01,1132822,2105921941,39569,765751,67.6
HDFCBANK,IL,03-Jan-18,1886,1880,1884,1880,-,1880,1880.13,313995,590350600,32,303995,96.82
HDFCBANK,EQ,04-Jan-18,1852.65,1853,1865.5,1853,1859.25,1859.9,1860.54,593444,1104125326,11185,300493,50.64
HDFCBANK,EQ,05-Jan-18,1859.9,1863,1868.05,1855.55,1863.05,1863.6,1862.6,717717,1336816277,20342,394247,54.93
HDFCBANK,IL,05-Jan-18,1880,1865,1865,1865,-,1865,1865,75000,139875000,6,75000,100
HDFCBANK,EQ,08-Jan-18,1863.6,1865,1870.7,1857.75,1864,1860.6,1861.87,1142577,2127331035,17668,792771,69.38
HDFCBANK,IL,08-Jan-18,1865,1870,1870,1865.5,-,1866,1866.5,110000,205315000,11,110000,100
HDFCBANK,EQ,09-Jan-18,1860.6,1862,1869.85,1855,1862.7,1863.7,1861.62,1326382,2469224840,49929,959503,72.34
HDFCBANK,IL,09-Jan-18,1866,1859,1860,1857.8,-,1857.8,1858.92,152000,282555600,12,152000,100
HDFCBANK,EQ,10-Jan-18,1863.7,1865.2,1867.9,1857.3,1860.45,1864.2,1863.6,1153972,2150540895,18186,880760,76.32
HDFCBANK,EQ,11-Jan-18,1864.2,1864.2,1876,1856.25,1873.95,1872.55,1868.69,1014774,1896296274,26221,622410,61.33
HDFCBANK,EQ,12-Jan-18,1872.55,1873,1878.15,1860,1865,1865.3,1868.58,1084177,2025876708,29065,566529,52.25
HDFCBANK,EQ,15-Jan-18,1865.3,1869.95,1904.4,1859.85,1893.05,1897.75,1891.97,3144111,5948565811,68116,1638414,52.11
HDFCBANK,EQ,16-Jan-18,1897.75,1903.45,1910,1885.25,1900.1,1900.15,1899.62,1611346,3060951109,60260,827555,51.36
HDFCBANK,IL,16-Jan-18,1857.8,1910,1920,1910,-,1920,1910.24,210000,401150000,30,210000,100
HDFCBANK,EQ,17-Jan-18,1900.15,1897,1902.55,1887,1891.6,1890.5,1893.05,726374,1375065564,25142,346150,47.65
HDFCBANK,EQ,18-Jan-18,1890.5,1924,1954,1918.05,1933.05,1934.3,1939.75,4162385,8073993016,79152,1499386,36.02
HDFCBANK,IL,18-Jan-18,1920,1965,1973,1965,-,1973,1969.8,250000,492450000,9,150000,60
HDFCBANK,EQ,19-Jan-18,1934.3,1935.15,1959.9,1919.25,1949.35,1952.2,1947.44,2863997,5577473373,62844,861137,30.07
HDFCBANK,EQ,22-Jan-18,1952.2,1960,1988,1953.15,1962.5,1963.35,1969.82,2212442,4358108236,87200,961425,43.46
HDFCBANK,IL,22-Jan-18,1973,2040,2040,2040,-,2040,2040,28765,58680600,1,0,0
HDFCBANK,EQ,23-Jan-18,1963.35,1965,1966.7,1943.3,1951.5,1951.3,1953.81,1261949,2465611789,41602,726995,57.61
HDFCBANK,EQ,24-Jan-18,1951.3,1952.55,1969,1950.6,1957.6,1957.65,1958.02,1197642,2345001019,20553,698354,58.31
HDFCBANK,EQ,25-Jan-18,1957.65,1953.9,1980,1950.5,1969,1974.95,1968.83,2180917,4293844957,33097,1165553,53.44
HDFCBANK,IL,25-Jan-18,2040,2039.5,2039.5,2039.5,-,2039.5,2039.5,100000,203950000,11,100000,100
HDFCBANK,EQ,29-Jan-18,1974.95,1978,2006.95,1978,2000.6,1999.65,1995.69,2058973,4109064050,48366,1249653,60.69
HDFCBANK,EQ,30-Jan-18,1999.65,1997.8,2001.9,1984.15,1995.55,1995.5,1994.03,1599390,3189237270,37667,1057272,66.1
HDFCBANK,EQ,31-Jan-18,1995.5,1989.4,2013.5,1987,2004.6,2005.7,2003.12,1735837,3477096561,45781,1045031,60.2
HDFCBANK,EQ,01-Feb-18,2005.7,2006,2015,1985.3,1986.5,1991.15,2001.09,1630355,3262488566,34891,701699,43.04
HDFCBANK,EQ,02-Feb-18,1991.15,1986,1989.9,1941.5,1941.5,1948,1963.93,1836531,3606812369,60365,1231464,67.05
HDFCBANK,EQ,05-Feb-18,1948,1918,1935.25,1905.85,1918,1913.85,1916.75,1981696,3798409855,49748,1385911,69.94
HDFCBANK,EQ,06-Feb-18,1913.85,1860,1912,1836.3,1898.8,1896.8,1868.86,2687451,5022468828,74329,1279189,47.6
HDFCBANK,IL,06-Feb-18,2039.5,1890,1890,1890,-,1890,1890,330000,623700000,26,330000,100
HDFCBANK,EQ,07-Feb-18,1896.8,1907,1907,1862.4,1868.5,1872.8,1875.43,2091243,3921971760,57480,993289,47.5
HDFCBANK,IL,07-Feb-18,1890,1936,1936,1936,-,1936,1936,120463,233216368,7,120463,100
HDFCBANK,EQ,08-Feb-18,1872.8,1884,1898.6,1866.5,1882,1880.95,1887.25,1292861,2439953543,53803,559966,43.31
HDFCBANK,EQ,09-Feb-18,1880.95,1847.9,1864.7,1844.1,1852,1849.5,1853.01,1602238,2968965973,52830,837518,52.27
HDFCBANK,IL,09-Feb-18,1936,1910,1910,1909,-,1909,1909.85,110000,210083000,3,110000,100
HDFCBANK,EQ,12-Feb-18,1849.5,1860,1886,1855.15,1880,1876.65,1872.43,1095277,2050832317,22502,700531,63.96
HDFCBANK,EQ,14-Feb-18,1876.65,1889.8,1897.9,1874.65,1879.85,1883.15,1889.56,894297,1689825412,31815,517624,57.88
HDFCBANK,EQ,15-Feb-18,1883.15,1889.7,1894.75,1875,1881.25,1881.9,1882.55,1228806,2313293857,32753,742302,60.41
HDFCBANK,EQ,16-Feb-18,1881.9,1883.9,1894.85,1875.65,1880.4,1878.6,1883.79,895880,1687649892,22732,355509,39.68
HDFCBANK,EQ,19-Feb-18,1878.6,1882.6,1887.6,1859.05,1880,1878.2,1876.45,913638,1714398525,25194,457562,50.08
HDFCBANK,EQ,20-Feb-18,1878.2,1884.75,1885.85,1858.8,1860.15,1863.2,1875.4,1021017,1914810586,31634,582362,57.04
HDFCBANK,EQ,21-Feb-18,1863.2,1867.95,1868.55,1852.2,1859.2,1857.4,1858.84,688268,1279377292,32317,352348,51.19
HDFCBANK,EQ,22-Feb-18,1857.4,1850,1860,1841.55,1850.15,1853.2,1851.2,3313399,6133748039,41538,1640988,49.53
HDFCBANK,EQ,23-Feb-18,1853.2,1856.9,1884.85,1850.4,1877,1880.55,1869.03,1019187,1904887236,18810,553315,54.29
HDFCBANK,EQ,26-Feb-18,1880.55,1888.1,1914.8,1883.55,1912.5,1911.55,1904.1,1197221,2279631075,30059,692072,57.81
HDFCBANK,EQ,27-Feb-18,1911.55,1914.75,1921.75,1900,1900.5,1902.55,1908.74,1196832,2284446197,26645,764702,63.89
HDFCBANK,EQ,28-Feb-18,1902.55,1889.55,1895.45,1878,1888,1884.2,1883.79,1016591,1915043360,29207,533917,52.52
HDFCBANK,EQ,01-Mar-18,1884.2,1879.3,1893.3,1868,1868.05,1874.35,1884.58,977460,1842102392,24955,492115,50.35
HDFCBANK,EQ,05-Mar-18,1874.35,1874.15,1878,1858.25,1866,1869.95,1867.66,945366,1765625423,60906,482154,51
HDFCBANK,IL,05-Mar-18,1909,1901,1901,1901,-,1901,1901,329654,626672254,7,329654,100
HDFCBANK,EQ,06-Mar-18,1869.95,1870,1879.9,1839.5,1840,1846.25,1864.57,1144207,2133448786,32346,587401,51.34
HDFCBANK,EQ,07-Mar-18,1846.25,1840,1853.4,1828.5,1831.1,1832.6,1839.17,1407041,2587784690,41147,786990,55.93
HDFCBANK,EQ,08-Mar-18,1832.6,1839.8,1858.5,1832,1850,1852.85,1844.42,1379681,2544714180,26260,841822,61.02
HDFCBANK,IL,08-Mar-18,1901,1850,1856,1850,-,1850,1850.35,915600,1694184600,39,915600,100
HDFCBANK,EQ,09-Mar-18,1852.85,1854.95,1865.25,1844,1846.15,1851.05,1856.06,1027027,1906219130,29867,583405,56.81
HDFCBANK,EQ,12-Mar-18,1851.05,1860.2,1869.45,1853.4,1866.3,1867.25,1863.99,1639279,3055594029,34880,1156796,70.57
HDFCBANK,EQ,13-Mar-18,1867.25,1867.45,1884.75,1855,1859.45,1860.25,1870.24,1281050,2395869816,32044,696918,54.4
HDFCBANK,EQ,14-Mar-18,1860.25,1856,1867.9,1848,1864,1864.5,1857.75,920098,1709311423,36271,509645,55.39
HDFCBANK,EQ,15-Mar-18,1864.5,1865.2,1887.5,1865.2,1873.5,1880.8,1879.2,1467731,2758155777,44905,802388,54.67
HDFCBANK,IL,15-Mar-18,1850,1900,1900,1900,-,1900,1900,130933,248772700,5,130933,100
HDFCBANK,EQ,16-Mar-18,1880.8,1880,1881.1,1846.55,1858,1853,1861.09,1974084,3673949097,35446,1068955,54.15
HDFCBANK,EQ,19-Mar-18,1853,1853,1860,1843.15,1847,1847.25,1851.78,1959685,3628898884,60212,1210689,61.78
HDFCBANK,IL,19-Mar-18,1900,1880,1880,1880,-,1880,1880,276457,519739160,12,276457,100
HDFCBANK,EQ,20-Mar-18,1847.25,1845.1,1855.9,1835.25,1842.9,1839.5,1845.17,914343,1687115133,23270,453848,49.64
HDFCBANK,EQ,21-Mar-18,1839.5,1848,1863.2,1843.3,1858.95,1858.9,1853.89,1480285,2744280456,44655,947180,63.99
HDFCBANK,EQ,22-Mar-18,1858.9,1858.9,1880,1855.1,1863,1867.75,1872.05,1668306,3123149752,37562,856679,51.35
HDFCBANK,IL,22-Mar-18,1880,1917,1917,1917,-,1917,1917,101651,194864967,5,101651,100
HDFCBANK,EQ,23-Mar-18,1867.75,1846.65,1853.1,1837.25,1842.25,1841.55,1844.22,1797538,3315060068,34048,886132,49.3
HDFCBANK,IL,23-Mar-18,1917,1880,1886,1880,-,1886,1881.75,60767,114348562,3,60767,100
HDFCBANK,EQ,26-Mar-18,1841.55,1839.9,1900,1833.5,1896.2,1893.45,1868.66,2625442,4906054711,86610,1573073,59.92
HDFCBANK,IL,26-Mar-18,1886,1900,1900,1900,-,1900,1900,49755,94534500,2,0,0
HDFCBANK,EQ,27-Mar-18,1893.45,1893.8,1899,1876,1894.05,1892.6,1888.52,1534209,2897382139,31150,797281,51.97
HDFCBANK,EQ,28-Mar-18,1892.6,1882.95,1899.7,1876.05,1890,1886.1,1886.44,2209377,4167862539,50573,1205141,54.55
HDFCBANK,IL,28-Mar-18,1900,1915,1929,1915,-,1929,1922.26,1157103,2224252245,46,1157103,100
HDFCBANK,EQ,02-Apr-18,1886.1,1890.5,1935.75,1890.5,1931.9,1931.2,1917.34,1149092,2203201440,37803,656967,57.17
HDFCBANK,IL,02-Apr-18,1929,1930,1975,1930,-,1971.5,1957.88,224897,440321000,31,196366,87.31
HDFCBANK,EQ,03-Apr-18,1931.2,1923.95,1925.7,1911,1913,1915.9,1917.02,1019971,1955306115,48938,592029,58.04
HDFCBANK,EQ,04-Apr-18,1915.9,1912.95,1924.95,1878.45,1883.1,1883.25,1903.29,928527,1767257058,34499,456685,49.18
HDFCBANK,IL,04-Apr-18,1971.5,1990,1990,1990,-,1990,1990,50000,99500000,1,50000,100
HDFCBANK,EQ,05-Apr-18,1883.25,1901.3,1914,1890.2,1913.1,1908.9,1900.56,1214723,2308652575,61633,605874,49.88
HDFCBANK,IL,05-Apr-18,1990,1950,1970,1950,-,1970,1954.04,1236448,2416073600,55,1136448,91.91
HDFCBANK,EQ,06-Apr-18,1908.9,1912.2,1926.45,1905.8,1920.1,1923.4,1917.27,930002,1783068526,24914,466973,50.21
HDFCBANK,IL,06-Apr-18,1970,1965.5,1965.5,1965.5,-,1965.5,1965.5,20000,39310000,1,20000,100
HDFCBANK,EQ,09-Apr-18,1923.4,1918.8,1942,1916.4,1937,1939.05,1936.3,1000884,1938008165,32002,541199,54.07
HDFCBANK,IL,09-Apr-18,1965.5,1997,1997,1997,-,1997,1997,97632,194971104,6,97632,100
HDFCBANK,EQ,10-Apr-18,1939.05,1943,1943,1913.5,1921.2,1920.85,1920.94,1516809,2913693991,55147,947252,62.45
HDFCBANK,IL,10-Apr-18,1997,1970,1970,1970,-,1970,1970,1000,1970000,1,1000,100
HDFCBANK,EQ,11-Apr-18,1920.85,1915.9,1920,1905.4,1918,1918.85,1913.82,717703,1373553936,64684,382502,53.3
HDFCBANK,IL,11-Apr-18,1970,1971,1972,1971,-,1972,1971.97,1550000,3056550000,75,1550000,100
HDFCBANK,EQ,12-Apr-18,1918.85,1916,1932.9,1905.9,1925,1928.8,1920.27,1178129,2262325817,26955,476496,40.45
HDFCBANK,IL,12-Apr-18,1972,1971,1971,1971,-,1971,1971,630000,1241730000,15,630000,100
HDFCBANK,EQ,13-Apr-18,1928.8,1928,1940,1919.1,1930,1925,1928.02,824293,1589255011,26003,394398,47.85
HDFCBANK,EQ,16-Apr-18,1925,1920,1950,1919.85,1943.5,1942.1,1938.89,711936,1380367127,21855,318462,44.73
HDFCBANK,EQ,17-Apr-18,1942.1,1943.5,1951,1934.1,1950,1948.5,1944.42,666958,1296845993,21401,354286,53.12
HDFCBANK,EQ,18-Apr-18,1948.5,1951,1953.5,1930.05,1934,1932.6,1942.91,678180,1317640649,21302,345977,51.02
HDFCBANK,IL,18-Apr-18,1971,1970,1972,1970,-,1972,1970.09,660832,1301900704,16,660832,100
HDFCBANK,EQ,19-Apr-18,1932.6,1940,1944.8,1933,1939,1939,1938.07,792258,1535448278,36850,456501,57.62
HDFCBANK,EQ,20-Apr-18,1939,1941,1961,1932.15,1959.7,1955.9,1945.78,2340345,4553789223,70006,1792050,76.57
HDFCBANK,EQ,23-Apr-18,1955.9,1979,1979,1860.3,1939.5,1935.75,1947.51,3826155,7451481658,76106,1003096,26.22
HDFCBANK,EQ,24-Apr-18,1935.75,1935,1948.05,1926,1934.1,1935,1935.57,1259354,2437572243,33400,466047,37.01
HDFCBANK,EQ,25-Apr-18,1935,1927.9,1938,1912,1920,1920.75,1924.27,1005148,1934175516,42185,468604,46.62
HDFCBANK,IL,25-Apr-18,1972,1980,1980,1980,-,1980,1980,202377,400706460,7,202377,100
HDFCBANK,EQ,26-Apr-18,1920.75,1916.8,1939.2,1911.25,1926.1,1930.25,1930.42,1961870,3787241209,33677,907515,46.26
HDFCBANK,EQ,27-Apr-18,1930.25,1933,1935.5,1912.5,1925,1923.4,1918.5,1444252,2770792413,47025,825792,57.18
HDFCBANK,IL,27-Apr-18,1980,1975,1975,1975,-,1975,1975,520000,1027000000,25,520000,100
HDFCBANK,EQ,30-Apr-18,1923.4,1930,1954.8,1928.8,1945.1,1944.3,1945.7,1152388,2242199201,32030,649513,56.36
HDFCBANK,EQ,02-May-18,1944.3,1950,1978,1946,1969.55,1969.5,1965.16,1775012,3488178419,62881,938108,52.85
HDFCBANK,EQ,03-May-18,1969.5,1968.05,1974.9,1946,1968,1967.9,1963.23,1038193,2038207487,30529,365265,35.18
HDFCBANK,EQ,04-May-18,1967.9,1970,1990,1966.3,1985.4,1988.5,1981.08,1720359,3408176310,33291,1084558,63.04
HDFCBANK,EQ,07-May-18,1988.5,1981.65,1987.3,1975,1977.5,1977.4,1980.88,1316032,2606904359,32517,781466,59.38
HDFCBANK,IL,07-May-18,1975,2100,2100,2100,-,2100,2100,12,25200,4,12,100
HDFCBANK,EQ,08-May-18,1977.4,1979.25,1979.9,1954.6,1966.5,1967.05,1964.31,1775141,3486935565,30036,1149021,64.73
HDFCBANK,IL,08-May-18,2100,2142,2142,2055.85,-,2066.65,2064.65,15515,32032989,511,15515,100
HDFCBANK,EQ,09-May-18,1967.05,1956.15,1980.5,1956.15,1978.1,1978.4,1973.46,1081833,2134957239,30775,618193,57.14
HDFCBANK,IL,09-May-18,2066.65,2070,2090,2069.5,-,2090,2069.53,21745,45001921,12,21745,100
HDFCBANK,EQ,10-May-18,1978.4,1988.6,1999,1982,1985.3,1992.7,1991.88,1792918,3571274019,41455,943387,52.62
HDFCBANK,EQ,11-May-18,1992.7,1992.7,2017,1986,2010.65,2011.75,1999.73,1514267,3028118878,49338,879712,58.09
HDFCBANK,IL,11-May-18,2090,2093,2125,2093,-,2117.2,2103.31,230737,485311658,43,230737,100
HDFCBANK,EQ,14-May-18,2011.75,2017.2,2027.4,2012.4,2024,2021.75,2021.18,1185729,2396569106,35034,663572,55.96
HDFCBANK,IL,14-May-18,2117.2,2120,2140,2120,-,2140,2127.07,777469,1653734280,39,777469,100
HDFCBANK,EQ,15-May-18,2021.75,2027.05,2065,2026.7,2040.25,2037.8,2046.53,2456671,5027645858,52626,1289131,52.47
HDFCBANK,IL,15-May-18,2140,2160,2160,2160,-,2160,2160,152189,328728240,7,152189,100
HDFCBANK,EQ,16-May-18,2037.8,2030.55,2049,2017.15,2027.5,2023.35,2031.04,1710401,3473886890,56061,1109107,64.84
HDFCBANK,IL,16-May-18,2160,2130,2130,2095,-,2095,2099.59,1154139,2423217020,46,1076368,93.26
HDFCBANK,EQ,17-May-18,2023.35,2023.85,2044.45,2012.5,2040.85,2027.75,2022.12,1653869,3344316980,28827,747275,45.18
HDFCBANK,EQ,18-May-18,2027.75,2024.7,2024.7,2003.5,2011.9,2012.15,2014.47,1304365,2627602349,47647,660982,50.67
HDFCBANK,IL,18-May-18,2095,2111,2111,2111,-,2111,2111,200000,422200000,6,200000,100
HDFCBANK,EQ,21-May-18,2012.15,2016.1,2021,1986.05,1997.1,1993.05,1993.75,1212027,2416479609,37162,711864,58.73
HDFCBANK,IL,21-May-18,2111,2030,2035,2030,-,2030,2031.11,450000,914000000,17,350000,77.78
HDFCBANK,EQ,22-May-18,1993.05,1998.7,2013.95,1985.5,1989.9,1989.9,1997.96,990093,1978165832,57895,582922,58.88
HDFCBANK,EQ,23-May-18,1989.9,1987.8,1994,1963.4,1965,1967.5,1976.78,1431573,2829907721,43333,733712,51.25
HDFCBANK,EQ,24-May-18,1967.5,1967.1,1990.25,1956.35,1989.2,1986,1970.67,1130186,2227221743,22930,343874,30.43
HDFCBANK,EQ,25-May-18,1986,1990,2016,1989.9,2008,2008.7,2004.87,1189897,2385592681,34306,609785,51.25
HDFCBANK,EQ,28-May-18,2008.7,2007.8,2052,2006,2038.25,2042.2,2037.48,1275985,2599796071,35912,612923,48.04
HDFCBANK,EQ,29-May-18,2042.2,2038,2052.7,2028.8,2031.6,2032.6,2042.07,837811,1710866827,37142,336056,40.11
HDFCBANK,EQ,30-May-18,2032.6,2019.7,2053,2016.3,2050.5,2048.35,2040.97,1216749,2483350966,40713,505099,41.51
HDFCBANK,EQ,31-May-18,2048.35,2100,2160,2080,2130,2139.45,2118.27,9909798,20991620343,172676,4103328,41.41
HDFCBANK,IL,31-May-18,2030,2202,2202,2202,-,2202,2202,25000,55050000,1,25000,100
HDFCBANK,EQ,01-Jun-18,2139.45,2116,2138,2101,2106.95,2110.6,2116.77,5287839,11193143672,99119,1532118,28.97
HDFCBANK,EQ,04-Jun-18,2110.6,2150,2157,2037.95,2045,2046.2,2098.04,22199081,46574473923,245711,13914623,62.68
HDFCBANK,IL,04-Jun-18,2202,2075,2090,2075,-,2087,2084.83,285779,595799525,22,285779,100
HDFCBANK,EQ,05-Jun-18,2046.2,2050,2066.95,2023,2064.85,2063.6,2050.5,4276365,8768700390,107261,2076336,48.55
HDFCBANK,EQ,06-Jun-18,2063.6,2060.2,2064.8,2045,2057.4,2057.35,2057.29,2445500,5031101788,95270,1579516,64.59
HDFCBANK,EQ,07-Jun-18,2057.35,2073.2,2079.8,2053.2,2061.9,2062.2,2070.16,2640974,5467251084,78397,1574412,59.61
HDFCBANK,EQ,08-Jun-18,2062.2,2059,2061.25,2035,2048.95,2049.35,2046.16,1545222,3161769178,104515,884695,57.25
HDFCBANK,EQ,11-Jun-18,2049.35,2051.9,2062.95,2038.8,2041.75,2042.3,2051.22,1772797,3636404885,57753,1138924,64.24
HDFCBANK,EQ,12-Jun-18,2042.3,2051.9,2052.7,2038.4,2045,2043.85,2045.45,1308564,2676605963,54586,871913,66.63
HDFCBANK,EQ,13-Jun-18,2043.85,2052,2054.8,2024.1,2032,2031.45,2034.95,1974490,4017987613,103434,1353016,68.52
HDFCBANK,EQ,14-Jun-18,2031.45,2030,2045,2025,2035,2037.4,2039.58,4231894,8631283806,96797,2913891,68.86
HDFCBANK,IL,14-Jun-18,2087,2060,2060,2060,-,2060,2060,1,2060,1,1,100
HDFCBANK,EQ,15-Jun-18,2037.4,2026,2038.9,2022.3,2027,2029.6,2031.56,2720204,5526268358,90605,1836184,67.5
HDFCBANK,EQ,18-Jun-18,2029.6,2030.1,2038.8,2009.1,2018,2019.15,2019.92,1871851,3780992320,86693,1149303,61.4
HDFCBANK,IL,18-Jun-18,2060,2030,2030,2030,-,2030,2030,100340,203690200,3,100340,100
HDFCBANK,EQ,19-Jun-18,2019.15,2024.95,2040.7,2019.3,2023,2023.5,2028.53,2745288,5568904836,117626,1709015,62.25
HDFCBANK,EQ,20-Jun-18,2023.5,2026,2058,2025,2056,2056.15,2046.34,2262928,4630722761,90621,1568971,69.33
HDFCBANK,EQ,21-Jun-18,2056.15,2060,2070.8,2047.05,2056.55,2057.6,2058.53,3377676,6953041564,115968,1771901,52.46
HDFCBANK,EQ,22-Jun-18,2057.6,2056.95,2088.8,2049.85,2082.25,2083.35,2066.71,1962245,4055397421,61594,935825,47.69
HDFCBANK,EQ,25-Jun-18,2083.35,2083.05,2097.8,2073.05,2094.95,2094.95,2090.83,1748084,3654945764,92981,1066469,61.01
HDFCBANK,EQ,26-Jun-18,2094.95,2086.05,2103,2079.85,2092,2093.7,2096.18,2290483,4801266127,105856,1488070,64.97
HDFCBANK,EQ,27-Jun-18,2093.7,2093,2119.5,2090,2114.9,2112.6,2111.09,4781701,10094601459,143081,3797571,79.42
HDFCBANK,IL,27-Jun-18,2030,2110,2110,2110,-,2110,2110,25,52750,1,25,100
HDFCBANK,EQ,28-Jun-18,2112.6,2115,2140,2111.2,2126.5,2130.85,2127.87,9383385,19966613732,164533,6546679,69.77
HDFCBANK,EQ,29-Jun-18,2130.85,2121.7,2140,2105.1,2111,2108.45,2124.32,4864530,10333807329,133620,3762199,77.34
HDFCBANK,EQ,02-Jul-18,2108.45,2108.35,2108.4,2063.25,2069.85,2073.25,2078.06,2466219,5124945923,118052,1633841,66.25
HDFCBANK,EQ,03-Jul-18,2073.25,2073.25,2085,2065.6,2070,2070.2,2073.27,1715775,3557268418,64961,1133429,66.06
HDFCBANK,EQ,04-Jul-18,2070.2,2076.25,2108.05,2069,2100.9,2103.55,2090.23,1524498,3186547035,67233,867409,56.9
HDFCBANK,EQ,05-Jul-18,2103.55,2105,2129,2092.55,2120.5,2123.75,2119.49,2433992,5158831728,135292,1634932,67.17
HDFCBANK,EQ,06-Jul-18,2123.75,2113.3,2135.55,2111.35,2118,2115.15,2122.21,2030336,4308795256,76333,1394036,68.66
HDFCBANK,EQ,09-Jul-18,2115.15,2121.85,2130,2107.75,2126.4,2125.65,2123.14,1545574,3281471871,56861,957033,61.92
HDFCBANK,EQ,10-Jul-18,2125.65,2129.9,2149.6,2125,2148,2146.4,2144.28,2737684,5870364268,80725,1953799,71.37
HDFCBANK,EQ,11-Jul-18,2146.4,2145.05,2155.7,2134.8,2148.75,2148.25,2148.79,1464480,3146852928,63991,828199,56.55
HDFCBANK,EQ,12-Jul-18,2148.25,2152.9,2179.85,2152,2163.05,2165.95,2170.17,2005167,4351559175,87962,926204,46.19
HDFCBANK,EQ,13-Jul-18,2165.95,2168.4,2190.8,2163.1,2181,2180.9,2182.75,1790297,3907766216,71689,1108502,61.92
HDFCBANK,EQ,16-Jul-18,2180.9,2179.4,2190.05,2163.75,2169,2168.85,2173.65,2254334,4900127771,108838,1668988,74.03
HDFCBANK,EQ,17-Jul-18,2168.85,2163.25,2181,2163.25,2179.35,2176.75,2174.09,1590481,3457854302,67757,1122147,70.55
HDFCBANK,EQ,18-Jul-18,2176.75,2187,2220,2173.65,2175.05,2176.2,2197.09,4365068,9590431537,171949,2759227,63.21
HDFCBANK,EQ,19-Jul-18,2176.2,2183,2193.5,2171,2189.85,2186.1,2183.12,1326194,2895239288,64415,577761,43.57
HDFCBANK,EQ,20-Jul-18,2186.1,2186.1,2202.85,2171.1,2185,2189.05,2181.89,2501741,5458512868,106355,1752814,70.06
HDFCBANK,EQ,23-Jul-18,2189.05,2150,2178,2138.05,2149.7,2156.45,2161.43,4220033,9121307521,133259,2430709,57.6
HDFCBANK,EQ,24-Jul-18,2156.45,2147,2169,2147,2162.5,2159.75,2161.82,1302198,2815119558,68274,675430,51.87
HDFCBANK,EQ,25-Jul-18,2159.75,2164.65,2176.8,2160,2171.5,2170.35,2169.01,1759654,3816707951,90191,1050926,59.72
HDFCBANK,EQ,26-Jul-18,2170.35,2165,2203.45,2165,2197.1,2192.6,2187.34,5320273,11637254767,127857,3327638,62.55
HDFCBANK,EQ,27-Jul-18,2192.6,2201.95,2211.95,2184.7,2203.05,2202.15,2198.69,2638649,5801564431,89804,1858964,70.45
HDFCBANK,EQ,30-Jul-18,2202.15,2199,2199,2159.4,2164.7,2169.9,2172.52,1792280,3893772395,74697,1033733,57.68
HDFCBANK,EQ,31-Jul-18,2169.9,2160,2185.9,2150.05,2183.45,2179.5,2166.28,2215236,4798817148,98101,1349477,60.92
HDFCBANK,EQ,01-Aug-18,2179.5,2162.8,2175,2151.7,2153.7,2158.7,2165.15,1517890,3286456658,70160,970508,63.94
HDFCBANK,EQ,02-Aug-18,2158.7,2153.5,2153.7,2121.35,2131.6,2130.2,2133.82,2226426,4750789247,99571,1420930,63.82
HDFCBANK,EQ,03-Aug-18,2130.2,2133.55,2147.05,2114,2121.25,2121.65,2125.56,3401002,7229046230,96409,2509448,73.79
HDFCBANK,EQ,06-Aug-18,2121.65,2121,2137.4,2106.1,2114.5,2114.3,2121.83,1436158,3047281357,83966,715425,49.82
HDFCBANK,EQ,07-Aug-18,2114.3,2125,2134.5,2108,2133.8,2130.9,2122.33,1857114,3941407413,90909,1000787,53.89
HDFCBANK,EQ,08-Aug-18,2130.9,2135.85,2151.8,2133.05,2137,2136.35,2142.56,2486345,5327149223,77692,1585046,63.75
HDFCBANK,EQ,09-Aug-18,2136.35,2142,2142,2094.65,2119.9,2118.5,2113.99,2236102,4727093946,87015,958780,42.88
HDFCBANK,EQ,10-Aug-18,2118.5,2123.5,2123.8,2098,2115,2114.45,2113.08,1360735,2875336119,55600,719008,52.84
HDFCBANK,EQ,13-Aug-18,2114.45,2084,2103.95,2080,2091,2091.65,2086.73,2513563,5245117093,125373,1508421,60.01
HDFCBANK,EQ,14-Aug-18,2091.65,2098,2105,2087.2,2089.3,2089.1,2096.29,1233991,2586799337,73903,727048,58.92
HDFCBANK,EQ,16-Aug-18,2089.1,2083,2086.7,2066.4,2075.4,2075.7,2075.3,2656290,5512588626,111884,1854512,69.82
HDFCBANK,EQ,17-Aug-18,2075.7,2082.9,2093.05,2071.65,2077,2077.35,2083.55,1516332,3159352233,61019,1093789,72.13
HDFCBANK,EQ,20-Aug-18,2077.35,2075,2107.6,2075,2098.3,2096.2,2097.76,1952784,4096467595,106058,1192922,61.09
HDFCBANK,BL,21-Aug-18,470,2096.2,2096.2,2096.2,2096.2,2096.2,2096.2,120298,252168667.6,1,120298,100
HDFCBANK,EQ,21-Aug-18,2096.2,2098,2112,2092.65,2097,2096.05,2102.15,1944080,4086746411,68551,1421918,73.14
HDFCBANK,EQ,23-Aug-18,2096.05,2105,2107,2076.85,2079.9,2079.9,2089.39,3143638,6568270565,106905,2528197,80.42
HDFCBANK,EQ,24-Aug-18,2079.9,2071,2093.6,2066.05,2070,2069.85,2076.05,2428657,5042021707,71991,1808393,74.46
HDFCBANK,EQ,27-Aug-18,2069.85,2077,2088.5,2070.25,2082.95,2080.45,2079.6,3143697,6537626117,77365,1913949,60.88
HDFCBANK,EQ,28-Aug-18,2080.45,2088,2098.25,2078.8,2097.4,2094.85,2085.96,2493383,5201100522,56947,1851997,74.28
HDFCBANK,EQ,29-Aug-18,2094.85,2092.15,2094.05,2072.75,2082.9,2078.5,2082.02,2468423,5139296267,90836,1782109,72.2
HDFCBANK,EQ,30-Aug-18,2078.5,2083.6,2087.9,2061.85,2068,2066.1,2068.31,5456865,11286474714,133557,4345737,79.64
HDFCBANK,EQ,31-Aug-18,2066.1,2069.2,2078.75,2058.25,2059.95,2061.2,2066.01,3942875,8146013033,140776,3181673,80.69
HDFCBANK,EQ,03-Sep-18,2061.2,2069.4,2078.95,2063.5,2073.95,2075.05,2074.56,1915402,3973616595,65178,1283227,67
HDFCBANK,EQ,04-Sep-18,2075.05,2076.9,2077.95,2049,2052.05,2051.8,2058.91,1782634,3670291387,67279,1256959,70.51
HDFCBANK,EQ,05-Sep-18,2051.8,2053.8,2060.2,2035.55,2044.35,2045.85,2044.77,1410377,2883899267,73829,797823,56.57
HDFCBANK,EQ,06-Sep-18,2045.85,2049,2059,2032.6,2050.15,2052.2,2044.28,2600603,5316362857,125530,1571661,60.43
HDFCBANK,EQ,07-Sep-18,2052.2,2051,2060,2040.75,2059,2056.95,2049.34,1479825,3032658572,78038,879399,59.43
HDFCBANK,EQ,10-Sep-18,2056.95,2055,2055,2025.1,2039,2041.15,2035.83,2149648,4376324619,81719,1391506,64.73
HDFCBANK,EQ,11-Sep-18,2041.15,2046.3,2048,1994.15,2000.1,2000.4,2016.36,4546634,9167648376,134132,3634555,79.94
HDFCBANK,EQ,12-Sep-18,2000.4,2001.9,2021.35,1989.55,2017.8,2011.85,2003.65,3061502,6134193206,106281,2063215,67.39
HDFCBANK,EQ,14-Sep-18,2011.85,2019.85,2037.4,2018.95,2027.75,2029.6,2025.31,2583668,5232736593,104303,1910009,73.93
HDFCBANK,EQ,17-Sep-18,2029.6,2021.3,2022.95,1988,1991.95,1992.2,1996.62,2334555,4661229732,98788,1707061,73.12
HDFCBANK,EQ,18-Sep-18,1992.2,1994.9,2009.85,1980.95,1991,1989.2,1996.22,2331434,4654066699,119091,1494911,64.12
HDFCBANK,EQ,19-Sep-18,1989.2,1994.85,1998,1956.5,1962.15,1961.35,1972.12,4178066,8239636739,158841,2892899,69.24
HDFCBANK,EQ,21-Sep-18,1961.35,1973.9,1999.85,1910.2,1976,1970.25,1972.83,5652537,11151516853,159768,3618031,64.01
HDFCBANK,EQ,24-Sep-18,1970.25,1967.25,1972.2,1915,1922,1925.7,1944.39,3347698,6509244679,144878,2192667,65.5
HDFCBANK,EQ,25-Sep-18,1925.7,1925.7,1962,1915,1961.7,1952.4,1936.01,4170638,8074408157,125022,2492934,59.77
HDFCBANK,EQ,26-Sep-18,1952.4,1962.95,1978,1955.3,1966.05,1968.2,1966.04,3681681,7238341783,145107,2807141,76.25
HDFCBANK,EQ,27-Sep-18,1968.2,1969.4,1986,1955.15,1978.1,1976.15,1972.52,4588052,9050041002,116913,3341974,72.84
HDFCBANK,EQ,28-Sep-18,1976.15,1980.65,2015.45,1977.15,2008.5,2006.05,2002.53,3615179,7239503402,106240,2096118,57.98
HDFCBANK,EQ,01-Oct-18,2006.05,2009.8,2042,1997.8,2039.9,2035.45,2020.89,3112397,6289802724,137110,2063063,66.29
HDFCBANK,EQ,03-Oct-18,2035.45,2030.45,2052.2,2007,2031,2031.15,2030.01,3833037,7781099200,186478,2644623,69
HDFCBANK,EQ,04-Oct-18,2031.15,2008,2017.8,1943,1945,1957.75,1977.74,4492646,8885267602,153828,2558885,56.96
HDFCBANK,EQ,05-Oct-18,1957.75,1953.95,1990,1940.15,1950,1965.3,1969.01,3932295,7742732615,128211,2248905,57.19
HDFCBANK,EQ,08-Oct-18,1965.3,1965,1969,1930,1940,1945,1952.44,5032005,9824668680,169225,3483442,69.23
HDFCBANK,EQ,09-Oct-18,1945,1944.4,1965,1930,1945.95,1940.6,1944.92,3114841,6058129369,88603,1953889,62.73
HDFCBANK,EQ,10-Oct-18,1940.6,1945,1982.25,1935.5,1968.4,1967.15,1963.16,3984983,7823155390,117923,2403363,60.31
HDFCBANK,EQ,11-Oct-18,1967.15,1925,1948.3,1917.6,1941,1937.55,1931.15,3589976,6932797362,129986,2331832,64.95
HDFCBANK,EQ,12-Oct-18,1937.55,1945,1997.1,1942,1977,1981.85,1981.23,2400080,4755112135,93778,1539425,64.14
HDFCBANK,EQ,15-Oct-18,1981.85,1990,2010.8,1970.3,2009.7,2008.05,1994.75,3146492,6276455269,109332,2245706,71.37
HDFCBANK,EQ,16-Oct-18,2008.05,2003,2018.2,1987.5,1989.6,1992.75,2002.38,2351501,4708609016,97545,1333177,56.69
HDFCBANK,EQ,17-Oct-18,1992.75,2006.1,2013,1963.5,1974.65,1974.6,1995.84,1985199,3962136753,67208,941791,47.44
HDFCBANK,EQ,19-Oct-18,1974.6,1958.9,1980.85,1958,1970,1967.75,1968.79,2466837,4856687588,126597,1527531,61.92
HDFCBANK,EQ,22-Oct-18,1967.75,2014,2020,1988.6,1998.3,1998.9,2000.42,5082790,10167706188,218564,2846739,56.01
HDFCBANK,EQ,23-Oct-18,1998.9,1973,1998.9,1973,1985,1984.85,1987.49,4857141,9653520391,199917,3793841,78.11
HDFCBANK,EQ,24-Oct-18,1984.85,2004,2008.8,1972.6,1992,1992.25,1990.39,4518084,8992731523,197249,3218397,71.23
HDFCBANK,EQ,25-Oct-18,1992.25,1973.6,2003.6,1962.45,1972,1968.8,1975.89,7461764,14743593769,154138,5177476,69.39
HDFCBANK,EQ,26-Oct-18,1968.8,1968.8,1977.2,1949,1961.2,1961.2,1962.89,3788928,7437246757,111281,2779751,73.37
HDFCBANK,EQ,29-Oct-18,1961.2,1964.1,1964.95,1895.2,1929.9,1926.3,1915.87,4261070,8163669617,134982,1911410,44.86
HDFCBANK,EQ,30-Oct-18,1926.3,1925,1932,1899.3,1912,1912.75,1917.66,3457176,6629678175,116901,2095481,60.61
HDFCBANK,EQ,31-Oct-18,1912.75,1902.05,1917.9,1885,1906,1911.75,1899.44,5862351,11135167118,175024,4061738,69.29
HDFCBANK,EQ,01-Nov-18,1911.75,1930,1930,1896,1911.7,1912.2,1911.87,4907263,9382024998,156362,2847446,58.03
HDFCBANK,EQ,02-Nov-18,1912.2,1926,1960,1912,1950,1949.45,1932.67,7523217,14539874380,261775,5270015,70.05
HDFCBANK,EQ,05-Nov-18,1949.45,1949.9,1959.65,1938,1959.6,1956,1949.18,1426324,2780160954,81177,663132,46.49
HDFCBANK,EQ,06-Nov-18,1956,1955,1976,1942.95,1948.3,1946.55,1963.84,2121397,4166089812,83625,958206,45.17
HDFCBANK,EQ,07-Nov-18,1946.55,1961,1964.95,1950,1960,1957.95,1957.17,239690,469113468.4,11247,130511,54.45
HDFCBANK,EQ,09-Nov-18,1957.95,1958.2,1959.9,1936.3,1943.3,1945.4,1949.37,2525405,4922945329,95895,1781131,70.53
HDFCBANK,EQ,12-Nov-18,1945.4,1951.5,1962,1917.15,1920.85,1921.05,1935.97,1976941,3827291201,74961,1315900,66.56
HDFCBANK,EQ,13-Nov-18,1921.05,1919,1937.7,1908.2,1929.55,1927.75,1922.55,3337605,6416714728,94849,2478130,74.25
HDFCBANK,EQ,14-Nov-18,1927.75,1938.55,1960,1936.6,1959.9,1957.75,1945.75,6527659,12701184438,130711,5161560,79.07
HDFCBANK,EQ,15-Nov-18,1957.75,1961.9,1977.3,1931.2,1973.1,1975.15,1970.02,2598131,5118369306,81525,1644704,63.3
HDFCBANK,EQ,16-Nov-18,1975.15,1981,2013,1980,2002.8,2004.3,2002.21,3953304,7915327251,159078,2739135,69.29
HDFCBANK,EQ,19-Nov-18,2004.3,2011,2021,2001.9,2016.1,2013.9,2014.67,3071607,6188263926,83092,2360849,76.86
HDFCBANK,EQ,20-Nov-18,2013.9,2013,2019.6,1999.05,2012.75,2012.45,2011.58,1426292,2869107309,85294,741376,51.98
HDFCBANK,EQ,21-Nov-18,2012.45,2012.75,2023.95,2004,2019.45,2018.75,2015.13,1636401,3297556597,76850,1053255,64.36
HDFCBANK,EQ,22-Nov-18,2018.75,2013.25,2035,2000.15,2006.25,2005.5,2023.07,3243638,6562105543,115047,1938559,59.76
HDFCBANK,EQ,26-Nov-18,2005.5,2013.9,2052,2012.05,2050,2049.8,2040,4546109,9274060073,165102,3534083,77.74
HDFCBANK,EQ,27-Nov-18,2049.8,2041.05,2067.9,2040.75,2064,2064,2056.61,3223860,6630237996,120598,2433069,75.47
HDFCBANK,EQ,28-Nov-18,2064,2065,2098.6,2060.1,2091,2089.25,2087.01,3255277,6793787378,118889,2212588,67.97
HDFCBANK,EQ,29-Nov-18,2089.25,2101,2137.4,2094,2132.25,2131.05,2115.77,7977159,16877830186,137395,4939239,61.92
HDFCBANK,EQ,30-Nov-18,2131.05,2130,2137.55,2110,2120.45,2128.45,2123.64,3260231,6923545038,113720,2370067,72.7
HDFCBANK,EQ,03-Dec-18,2128.45,2131,2142,2106.9,2111.5,2113.3,2124.73,2699964,5736686718,127153,1880609,69.65
HDFCBANK,EQ,04-Dec-18,2113.3,2105.4,2111,2078.6,2086.9,2085.55,2087.81,2039355,4257781101,105043,1377607,67.55
HDFCBANK,EQ,05-Dec-18,2085.55,2078,2105.3,2075.95,2103,2099.2,2095.14,2949711,6180060012,126657,2011056,68.18
HDFCBANK,EQ,06-Dec-18,2099.2,2089.7,2101.65,2085,2096.8,2097.05,2092.75,2932563,6137116155,112545,1841640,62.8
HDFCBANK,EQ,07-Dec-18,2097.05,2106.7,2118,2080.3,2115,2107.6,2099.32,2475980,5197871656,131649,1350610,54.55
HDFCBANK,EQ,10-Dec-18,2107.6,2065.9,2104.8,2065.9,2084.5,2088.75,2086.54,2728764,5693679872,138891,1801264,66.01
HDFCBANK,EQ,11-Dec-18,2088.75,2056,2071.3,2032,2056.15,2059.55,2051.47,4726445,9696150474,241564,2468088,52.22
HDFCBANK,EQ,12-Dec-18,2059.55,2066.95,2089.8,2060.1,2084.6,2085.3,2078.41,2842622,5908146554,146407,1922295,67.62
HDFCBANK,EQ,13-Dec-18,2085.3,2095,2125,2091.3,2100,2101.3,2106.01,1766059,3719335181,105301,772172,43.72
HDFCBANK,EQ,14-Dec-18,2101.3,2104.9,2118,2088.05,2095.1,2095.7,2100.36,1539571,3233650712,86089,779545,50.63
HDFCBANK,EQ,17-Dec-18,2095.7,2104,2132.6,2099,2128.5,2130.2,2120.53,2109331,4472890885,86084,1367963,64.85
HDFCBANK,EQ,18-Dec-18,2130.2,2124,2139,2102.6,2138.1,2135.45,2120.42,1853492,3930178580,73591,830866,44.83
HDFCBANK,EQ,19-Dec-18,2135.45,2133.1,2159.4,2113.55,2123,2123.45,2129.21,2252474,4795995432,118427,1162216,51.6
HDFCBANK,EQ,20-Dec-18,2123.45,2112.55,2140.45,2102.65,2138,2137.45,2119.71,1995119,4229074554,108131,779492,39.07
HDFCBANK,EQ,21-Dec-18,2137.45,2134,2149.1,2109.05,2111.15,2111.15,2126.59,2555077,5433609823,146305,1500441,58.72
HDFCBANK,EQ,24-Dec-18,2111.15,2104,2104,2077.35,2083,2080.65,2088.5,1400372,2924675633,65118,767268,54.79
HDFCBANK,EQ,26-Dec-18,2080.65,2077,2127,2069,2124.8,2122.35,2093.35,1900479,3978376727,77934,884634,46.55
HDFCBANK,EQ,27-Dec-18,2122.35,2133,2138.2,2098.45,2107,2105.05,2115.65,2909967,6156462277,101521,1011944,34.78
HDFCBANK,EQ,28-Dec-18,2105.05,2117.35,2137.75,2115.5,2124,2122.9,2124.98,2353903,5001999454,104735,1130711,48.04
HDFCBANK,EQ,31-Dec-18,2122.9,2137,2137,2116.7,2121.85,2121.7,2124.35,1466632,3115638473,71843,794268,54.16
HDFCBANK,EQ,01-Jan-19,2121.7,2127.65,2151,2105.6,2149,2148.1,2131.37,1593360,3396043277,50308,792410,49.73
HDFCBANK,EQ,02-Jan-19,2148.1,2142.8,2147.5,2119.7,2127,2128.5,2132.45,2033558,4336463537,95751,998186,49.09
HDFCBANK,EQ,03-Jan-19,2128.5,2124.2,2128.25,2103,2110,2111.8,2112.75,3192916,6745826356,129992,2037811,63.82
HDFCBANK,EQ,04-Jan-19,2111.8,2115.25,2128.5,2110.35,2118.85,2117.45,2119.55,1821780,3861355798,71863,990354,54.36
HDFCBANK,EQ,07-Jan-19,2117.45,2127.7,2135.35,2118,2120.5,2120.65,2128.37,1346753,2866387729,51524,763086,56.66
HDFCBANK,EQ,08-Jan-19,2120.65,2122,2123.5,2096.65,2102.9,2103,2105.77,2085865,4392343434,63105,1156791,55.46
HDFCBANK,EQ,09-Jan-19,2103,2118,2121.35,2102.6,2116.8,2116.8,2112.62,2142157,4525566666,86929,1494458,69.76
HDFCBANK,EQ,10-Jan-19,2116.8,2117,2123.8,2092.65,2106.6,2108.5,2114.87,1922885,4066660284,79438,1122621,58.38
HDFCBANK,EQ,11-Jan-19,2108.5,2113.8,2124,2108,2115,2111.9,2114.59,1602010,3387596239,68529,867953,54.18
HDFCBANK,EQ,14-Jan-19,2111.9,2109.9,2109.9,2098.45,2104.9,2101.65,2102.69,1213790,2552219684,58066,817354,67.34
HDFCBANK,EQ,15-Jan-19,2101.65,2105.05,2126.5,2102,2117,2121.9,2118.86,1271889,2694949647,55681,724280,56.95
HDFCBANK,EQ,16-Jan-19,2121.9,2120.05,2125,2108.25,2117,2120.2,2118.69,1313113,2782077967,72148,910308,69.32
HDFCBANK,EQ,17-Jan-19,2120.2,2125.25,2135.9,2113.35,2130.4,2132.3,2124.86,2060057,4377341581,77528,1170828,56.83
HDFCBANK,EQ,18-Jan-19,2132.3,2135,2139,2114.55,2130,2130.25,2128.13,1301994,2770812571,67451,665655,51.13
HDFCBANK,EQ,21-Jan-19,2130.25,2139.95,2166.5,2126.5,2145.4,2148.15,2151.51,4390378,9445947630,144556,1638668,37.32
HDFCBANK,EQ,22-Jan-19,2148.15,2146,2146.8,2129.05,2132.25,2135.85,2136.85,2199244,4699456324,119550,1304339,59.31
HDFCBANK,EQ,23-Jan-19,2135.85,2134,2135.85,2101.45,2106.95,2105.4,2123.27,1906072,4047104727,85545,1264167,66.32
HDFCBANK,EQ,24-Jan-19,2105.4,2110,2121.65,2097.9,2098.6,2102.25,2109.73,2527893,5333167869,141995,1465573,57.98
HDFCBANK,EQ,25-Jan-19,2102.25,2093,2110,2090,2092.05,2096,2102.2,2815559,5918870074,109171,1684610,59.83
HDFCBANK,EQ,28-Jan-19,2096,2090,2102.05,2076.75,2087,2084.15,2090.88,3840109,8029190020,170502,2636056,68.65
HDFCBANK,EQ,29-Jan-19,2084.15,2078.25,2083,2053,2059.4,2057.6,2067.93,3690697,7632110523,124666,2636216,71.43
HDFCBANK,EQ,30-Jan-19,2057.6,2057.25,2057.25,2028,2033.5,2034.7,2035.54,4628540,9421572631,197593,3817215,82.47
HDFCBANK,EQ,31-Jan-19,2034.7,2031,2089.75,2022,2073,2079.95,2060.96,4144851,8542369086,155825,2238129,54
HDFCBANK,EQ,01-Feb-19,2079.95,2079.95,2117,2076.6,2095.75,2090.45,2099.48,3913547,8216405021,116055,2360380,60.31
HDFCBANK,EQ,04-Feb-19,2090.45,2095,2113,2082.65,2098.55,2104.9,2097.57,1984572,4162769920,145764,1156072,58.25
HDFCBANK,EQ,05-Feb-19,2104.9,2108,2119,2097,2115,2114.05,2110.78,2172572,4585820146,73303,1548389,71.27
HDFCBANK,EQ,06-Feb-19,2114.05,2116.25,2127,2113.6,2122,2122.65,2120.9,2718921,5766554241,106255,1880675,69.17
HDFCBANK,EQ,07-Feb-19,2122.65,2125.05,2130,2105.85,2110.9,2117.25,2122.39,1804327,3829487757,80400,1025176,56.82
HDFCBANK,EQ,08-Feb-19,2117.25,2112,2144.95,2106.65,2117,2122.65,2126.16,3058911,6503720044,98707,2028984,66.33
HDFCBANK,EQ,11-Feb-19,2122.65,2113.3,2142.9,2113.3,2139,2139.65,2132.18,1759091,3750705911,75240,985040,56
HDFCBANK,EQ,12-Feb-19,2139.65,2138,2148,2124.8,2130.05,2129.7,2137.61,2443097,5222380330,140474,1613693,66.05
HDFCBANK,EQ,13-Feb-19,2129.7,2135.55,2155,2132.3,2140,2143.45,2146.54,2360187,5066246583,110054,1517418,64.29
HDFCBANK,EQ,14-Feb-19,2143.45,2140,2140,2105.6,2112,2110.2,2117.31,1860347,3938937723,142536,1120383,60.22
HDFCBANK,EQ,15-Feb-19,2110.2,2107.35,2108.1,2078.2,2100.7,2100.65,2091.52,2104131,4400828254,89754,1316023,62.54
HDFCBANK,EQ,18-Feb-19,2100.65,2106.8,2118,2086,2089.7,2089.9,2098.16,1784686,3744564838,74022,1166319,65.35
HDFCBANK,EQ,19-Feb-19,2089.9,2089.7,2108.15,2078.2,2083.45,2084.05,2095.84,1317159,2760560754,76740,794974,60.36
HDFCBANK,EQ,20-Feb-19,2084.05,2088.5,2111,2081.9,2109,2108.35,2095.02,1223125,2562466713,74227,678764,55.49
HDFCBANK,EQ,21-Feb-19,2108.35,2101.7,2119.95,2093.6,2115.7,2115.9,2106.26,1315386,2770549995,66123,737862,56.09
HDFCBANK,EQ,22-Feb-19,2115.9,2119.4,2128.1,2089.1,2091,2091.45,2099.68,2222677,4666916025,91486,1580811,71.12
HDFCBANK,EQ,25-Feb-19,2091.45,2095.15,2129.95,2095.15,2123,2125.4,2113.52,2035149,4301319701,101852,1337157,65.7
HDFCBANK,EQ,26-Feb-19,2125.4,2111.25,2125,2101.1,2109,2110.65,2113.91,2401857,5077309232,80521,1419919,59.12
HDFCBANK,EQ,27-Feb-19,2110.65,2116.1,2124.45,2088.15,2093,2092.25,2099.89,1757523,3690596309,78384,885846,50.4
HDFCBANK,EQ,28-Feb-19,2092.25,2093.1,2105.85,2073.2,2076.9,2077.55,2089.8,2911344,6084140082,85218,1874085,64.37
HDFCBANK,EQ,01-Mar-19,2077.55,2086.25,2100.9,2077,2080,2083.35,2087.11,2338232,4880142637,106043,1494433,63.91
HDFCBANK,EQ,05-Mar-19,2083.35,2088.9,2111.1,2070,2107,2107.1,2085.84,2959319,6172679648,169911,1989745,67.24
HDFCBANK,EQ,06-Mar-19,2107.1,2110,2110.3,2090.55,2103.15,2104.25,2098.7,2114511,4437716881,91985,1439516,68.08
HDFCBANK,EQ,07-Mar-19,2104.25,2109.6,2130,2095,2125.2,2126.5,2112.14,2551213,5388507260,104364,1661976,65.14
HDFCBANK,EQ,08-Mar-19,2126.5,2115.05,2130,2109.45,2129,2128.2,2118.36,1763365,3735433351,102091,1091867,61.92
HDFCBANK,EQ,11-Mar-19,2128.2,2132,2143.7,2122.2,2127.5,2128.45,2131.9,2306027,4916219773,81824,1521179,65.97
HDFCBANK,EQ,12-Mar-19,2128.45,2147,2175,2137,2168,2171,2154.73,3774323,8132629564,119425,2437537,64.58
HDFCBANK,EQ,13-Mar-19,2171,2175,2234,2172.1,2229,2226.55,2206.86,14291587,31539499506,226692,10926747,76.46
HDFCBANK,EQ,14-Mar-19,2226.55,2244.85,2247.5,2210.6,2223.05,2224.75,2225.44,3844966,8556754695,136351,2318618,60.3
HDFCBANK,EQ,15-Mar-19,2224.75,2231,2259.9,2228.05,2258,2253,2247.38,3190772,7170888265,155151,1979190,62.03
HDFCBANK,EQ,18-Mar-19,2253,2261.9,2291.65,2247,2270,2261.45,2266.32,3589680,8135378381,186267,2144212,59.73
HDFCBANK,EQ,19-Mar-19,2261.45,2269.5,2275.9,2251,2268,2267.75,2262.32,2989498,6763202099,149528,2024488,67.72
HDFCBANK,EQ,20-Mar-19,2267.75,2269,2300,2261.05,2299,2299,2287.11,2927998,6696660990,154406,1770484,60.47
HDFCBANK,EQ,22-Mar-19,2299,2300,2307,2270.8,2275.1,2276.15,2284.13,7600970,17361577310,136216,2085675,27.44
HDFCBANK,EQ,25-Mar-19,2276.15,2260,2287.85,2253,2278,2281.3,2270.95,2299815,5222754085,103519,1528011,66.44
HDFCBANK,EQ,26-Mar-19,2281.3,2275.9,2315,2272.6,2313.5,2311.35,2293.76,2946712,6759060898,106093,1878614,63.75
HDFCBANK,EQ,27-Mar-19,2311.35,2318.55,2328.05,2279.05,2301,2299.45,2306.72,3471325,8007363873,186247,2016772,58.1
HDFCBANK,EQ,28-Mar-19,2299.45,2298.8,2325,2287.85,2308,2302.8,2304.15,4888582,11264012693,149850,3132999,64.09
HDFCBANK,EQ,29-Mar-19,2302.8,2304.6,2325,2294,2316,2318.9,2308.98,2986742,6896338339,116289,1706050,57.12
HDFCBANK,EQ,01-Apr-19,2318.9,2325.25,2332,2304.6,2306.85,2311.8,2320.63,2411769,5596835494,131919,1528605,63.38
HDFCBANK,EQ,02-Apr-19,2311.8,2320,2320,2285.45,2299,2294.85,2296.22,2727624,6263235078,128611,1622376,59.48
HDFCBANK,EQ,03-Apr-19,2294.85,2292.1,2316,2288.25,2289,2292.75,2303.77,1914863,4411401350,87245,1110816,58.01
HDFCBANK,EQ,04-Apr-19,2292.75,2292.75,2313,2280,2287.8,2283.95,2293.66,2302888,5282042066,91238,1254011,54.45
HDFCBANK,EQ,05-Apr-19,2283.95,2287.8,2313.75,2282,2310,2305.6,2293.19,2087795,4787701075,109654,1253299,60.03
HDFCBANK,EQ,08-Apr-19,2305.6,2319,2322.95,2280.1,2289.2,2289.4,2298.32,1599533,3676237091,84319,911001,56.95
HDFCBANK,EQ,09-Apr-19,2289.4,2296.6,2303,2267,2290,2287.25,2283.13,2694400,6151660741,97805,1860351,69.05
HDFCBANK,EQ,10-Apr-19,2287.25,2250,2284,2231,2236.9,2237.35,2244.54,27032175,60674893007,194475,12397749,45.86
HDFCBANK,EQ,11-Apr-19,2237.35,2244.9,2263,2236.95,2258.6,2257.5,2252.26,2198325,4951203522,82062,1148516,52.25
HDFCBANK,EQ,12-Apr-19,2257.5,2252.1,2272.2,2252.1,2257,2265.25,2262.61,2292611,5187293680,107144,1507969,65.78
HDFCBANK,EQ,15-Apr-19,2265.25,2270,2292.9,2264.35,2280.3,2288.8,2281.07,2554945,5828016960,115323,1827587,71.53
HDFCBANK,EQ,16-Apr-19,2288.8,2290.95,2309.9,2280.3,2307,2305.05,2297.97,2068444,4753214287,93271,1228448,59.39
HDFCBANK,EQ,18-Apr-19,2305.05,2313,2315.05,2288,2293,2293.65,2303.58,2653714,6113045772,113419,1811847,68.28
HDFCBANK,EQ,22-Apr-19,2293.65,2325,2325,2261,2266.9,2268.7,2286.36,5245105,11992211757,153509,2221248,42.35
HDFCBANK,EQ,23-Apr-19,2268.7,2277.55,2290,2241.6,2247.3,2245.3,2264.62,3820600,8652194438,157421,2121251,55.52
HDFCBANK,EQ,24-Apr-19,2245.3,2250,2283.9,2247.05,2280.95,2279.75,2263.98,3088532,6992369872,168685,1846136,59.77
HDFCBANK,EQ,25-Apr-19,2279.75,2286.9,2298.8,2257.95,2262.25,2263.45,2274.13,4521659,10282833887,129865,3059269,67.66
HDFCBANK,EQ,26-Apr-19,2263.45,2265.9,2285,2256.9,2275.8,2280.95,2270.33,2926892,6645017406,121538,2070242,70.73
HDFCBANK,EQ,30-Apr-19,2280.95,2285,2320,2278.4,2319,2317.45,2306.89,3134209,7230268669,189638,1946319,62.1
HDFCBANK,EQ,02-May-19,2317.45,2323.5,2359.65,2317.5,2356,2355.8,2345.11,4292325,10065974310,173788,2770290,64.54
HDFCBANK,EQ,03-May-19,2355.8,2364.2,2378,2356.5,2365,2367.95,2370.96,3087880,7321238483,97641,2009621,65.08
HDFCBANK,EQ,06-May-19,2367.95,2348,2351.9,2317.05,2327.9,2328.45,2338.56,3437023,8037675314,111177,2333530,67.89
HDFCBANK,EQ,07-May-19,2328.45,2351.9,2358,2318,2320.1,2322.35,2338.9,2481051,5802928079,114540,1326590,53.47
HDFCBANK,EQ,08-May-19,2322.35,2322.55,2323.8,2288,2309,2307.25,2304.51,3016052,6950517705,101965,1942147,64.39
HDFCBANK,EQ,09-May-19,2307.25,2300,2300,2271.6,2292,2290.9,2287.67,2256931,5163123992,129719,1470611,65.16
HDFCBANK,EQ,10-May-19,2290.9,2291.35,2324.9,2291.35,2296.5,2296.5,2306.93,2648550,6110007945,79307,1542118,58.22
HDFCBANK,EQ,13-May-19,2296.5,2296.05,2313.35,2280,2287.3,2287.2,2297.73,2767908,6359892196,145875,1652663,59.71
